LocationID;Name;Type;PostalCode;City;Address;Country;Region;Latitude;Longitude
3453;Adrian's NF London;STORE;N5V 1P7;London;1524 27th St E;CAN;ON;43.002899;-81.173302
2841;SS Mississauga Mavis;STORE;L5C 1T7;Mississauga;500 Kingston Rd Toronto;CAN;ON;43.567608;-79.63364200000002
1114; Kanata;STORE;K2T 1B6;Kanata;3188 Jinnies Way;CAN;ON;45.310064;-75.91649100000002
3410;Dean's NF Vancouver;STORE;V5V 4G7;Vancouver;400 Grey Dr;CAN;BC;49.244491;-123.090052
2822;SS Kitchener;STORE;N2N 2Y2;Kitchener;12 Merivale Rd;CAN;ON;43.429405;-80.527287
