ProductID;ProductDescription;Name;UnitID;CategoryID;CategoryName;SubCategoryID;SubCategoryName;SubSubCategoryID;SubSubCategoryName;ShelfLife
20039812;PC BROCCOLI FLORETS 340G;PC BROCCOLI FLORETS 340G;EA;M02;Produce;M022703;Vegetables;M02270308;Vegetables-Value Add;2
20600792001;ORGANIC CELERY HEARTS;ORGANIC CELERY HEARTS;EA;M02;Produce;M022703;Vegetables;M02270306;Salad Veg;0
20084654001;MANGO ORGANIC;MANGO ORGANIC;EA;M02;Produce;M022701;Fruit;M02270109;Tropical;0
20600999001;POTATOES RED 5LB;POTATOES RED 5LB;EA;M02;Produce;M022703;Vegetables;M02270305;Root Veg;0
20836571;HEINZ TGIF LOADED POTATO SKINS;HEINZ TGIF LOADED POTATO SKINS;EA;M03;Meat;M033102;Frozen Boxed Meat;M03310205;Hor Doeuvre;30
20189341;FZN TILAPIA DRESSED;FZN TILAPIA DRESSED;P01;M11;Seafood;M113201;Frozen Seafood;M11320101;Frozen Fish;14
20503416;HEINZ CREAM CHEESE JALAPENO POPPERS;HEINZ CREAM CHEESE JALAPENO POPPERS;EA;M03;Meat;M033102;Frozen Boxed Meat;M03310205;Hor Doeuvre;14
20077874002;NATREL LACTOSE FREE CHOCO MILK;NATREL LACTOSE FREE CHOCO MILK;EA;M10;Centre of Store;M102211;Milk & Eggs;M10221104;Milk;10
20063899;PCO APPLE PINATA 3LB US;PCO APPLE PINATA 3LB US;EA;M02;Produce;M022701;Fruit;M02270101;Apples;0
20166228;Whole Fresh B-Liner 3/4 - 1lb;Whole Fresh B-Liner 3/4 - 1lb;KG;M11;Seafood;M113202;Fresh Seafood;M11320201;Fresh Fish;0
20827037;PC POTATO SWEET MINI 680G;PC POTATO SWEET MINI 680G;EA;M02;Produce;M022703;Vegetables;M02270305;Root Veg;0
20133614;TURKEY GRADE A 11KG-UP FRESH;TURKEY GRADE A 11KG-UP FRESH;P01;M03;Meat;M033108;Fresh-Poultry;M03310801;Fresh-Poultry;2
20528803;PC GREEN BEANS 340G;PC GREEN BEANS 340G;EA;M02;Produce;M022703;Vegetables;M02270308;Vegetables-Value Add;2
20153440;TURKEY GRADE A 5KG DOWN FRESH;TURKEY GRADE A 5KG DOWN FRESH;P01;M03;Meat;M033108;Fresh-Poultry;M03310801;Fresh-Poultry;2
20032105001;TANGERINE HONEY;TANGERINE HONEY;KG;M02;Produce;M022701;Fruit;M02270104;Citrus;0
20121432;SQ BASA FILLETS;SQ BASA FILLETS;EA;M11;Seafood;M113201;Frozen Seafood;M11320101;Frozen Fish;10
20010334001;KOHLRABI GREEN;KOHLRABI GREEN;EA;M02;Produce;M022703;Vegetables;M02270301;Cooking Veg;0
20062613002;PB RTB CHICK SHAPE COOKIE;PB RTB CHICK SHAPE COOKIE;EA;M10;Centre of Store;M102202;Yogurt/Refrigerated Juice;M10220201;Desserts-Refrigerate;10
20128918001;PC BLOOD ORANGE 2LB;PC BLOOD ORANGE 2LB;EA;M02;Produce;M022701;Fruit;M02270104;Citrus;0
20107628;TURKEY GRADE A 9-11KG FRESH;TURKEY GRADE A 9-11KG FRESH;P01;M03;Meat;M033108;Fresh-Poultry;M03310801;Fresh-Poultry;3
20181873;MA BUTTERFLIED CKN BRST;MA BUTTERFLIED CKN BRST;C10;M03;Meat;M033107;Fresh-Pork;M03310701;Fresh-Pork;4
20027651001;CUCUMBER FIELD;CUCUMBER FIELD;EA;M02;Produce;M022703;Vegetables;M02270302;Field Veg;0
20022497;TURKEY GRADE A 7-9KG FRESH;TURKEY GRADE A 7-9KG FRESH;P01;M03;Meat;M033108;Fresh-Poultry;M03310801;Fresh-Poultry;2
20562570001;MANDARIN SUMO;MANDARIN SUMO;KG;M02;Produce;M022701;Fruit;M02270104;Citrus;0
20319513001;Yoplait YOP straw/rasp/strwban;Yoplait YOP straw/rasp/strwban;EA;M10;Centre of Store;M102202;Yogurt/Refrigerated Juice;M10220203;Yogurt;10
20145891;TURKEY GRADE A 5-7KG FRSH;TURKEY GRADE A 5-7KG FRSH;P01;M03;Meat;M033108;Fresh-Poultry;M03310801;Fresh-Poultry;2
20763227;BD CHEESTRING MARBLE;BD CHEESTRING MARBLE;EA;M10;Centre of Store;M102201;Cheese/Butter/Margarine;M10220101;Cheese;10
20287737001;PEARS RED;PEARS RED;KG;M02;Produce;M022701;Fruit;M02270107;Pears;0
20176879001;PC PLUM PLUMCOT;PC PLUM PLUMCOT;KG;M02;Produce;M022701;Fruit;M02270108;Stone Fruit;0
20600995001;POTATOES WHITE 5LB;POTATOES WHITE 5LB;EA;M02;Produce;M022703;Vegetables;M02270305;Root Veg;0
20752725;PC MUSHROOMS STUFFER WHITE 6CT;PC MUSHROOMS STUFFER WHITE 6CT;EA;M02;Produce;M022703;Vegetables;M02270302;Field Veg;0
20755816;PC MUSHROOMS SLICED PORTS 170G;PC MUSHROOMS SLICED PORTS 170G;EA;M02;Produce;M022703;Vegetables;M02270302;Field Veg;3
20946396;IOGO YOG 1.5% STRAWBRY GFPF;IOGO YOG 1.5% STRAWBRY GFPF;EA;M10;Centre of Store;M102202;Yogurt/Refrigerated Juice;M10220203;Yogurt;10
20943766;LIBERTE APRCT GRK MSLI 2MF YGR;LIBERTE APRCT GRK MSLI 2MF YGR;EA;M10;Centre of Store;M102202;Yogurt/Refrigerated Juice;M10220203;Yogurt;7
20944780;SKOT GREEK YOGURT VANILLA;SKOT GREEK YOGURT VANILLA;EA;M10;Centre of Store;M102202;Yogurt/Refrigerated Juice;M10220203;Yogurt;10
20958060;HL SMOKY MESQUITE PINK SALMON;HL SMOKY MESQUITE PINK SALMON;EA;M11;Seafood;M113201;Frozen Seafood;M11320101;Frozen Fish;14
20600570;LOBSTER COOKED FRESH;LOBSTER COOKED FRESH;P01;M11;Seafood;M113202;Fresh Seafood;M11320201;Fresh Fish;3
20672045;JMS COUNTRY NATURAL BEEF BURGER;JMS COUNTRY NATURAL BEEF BURGER;EA;M03;Meat;M033102;Frozen Boxed Meat;M03310203;Burgers;10
20536191;CARROTS BETA SWEET 12CT;CARROTS BETA SWEET 12CT;EA;M02;Produce;M022703;Vegetables;M02270306;Salad Veg;0
20873296;JOHNSONVILLE ANDOUILLE SAUSAGE;JOHNSONVILLE ANDOUILLE SAUSAGE;EA;M03;Meat;M033101;Processed;M03310106;Smoked Sausage;10
20884475;PC ORANGE VALENCIA GOLD JUICE;PC ORANGE VALENCIA GOLD JUICE;EA;M10;Centre of Store;M102202;Yogurt/Refrigerated Juice;M10220202;Juices & Drinks-Refr;10
20811693;LIL SNP APPLE GALA 3LB 9 US;LIL SNP APPLE GALA 3LB 9 US;EA;M02;Produce;M022701;Fruit;M02270101;Apples;0
20866041;VEAL RACK FRENCH 3 BONE GF;VEAL RACK FRENCH 3 BONE GF;P01;M03;Meat;M033104;Fresh-Lamb/Veal/Sausage;M03310403;Veal;4
20798843;CRAB SNOW CLUSTERS CAN 12 UP;CRAB SNOW CLUSTERS CAN 12 UP;P01;M11;Seafood;M113201;Frozen Seafood;M11320102;Frozen Shellfish;0
20884299;MA PORK TENDERLOIN BBQ;MA PORK TENDERLOIN BBQ;EA;M03;Meat;M033107;Fresh-Pork;M03310701;Fresh-Pork;4
20959176001;APPLE FUJI ORG 2LB;APPLE FUJI ORG 2LB;EA;M02;Produce;M022701;Fruit;M02270101;Apples;0
20959101001;APPLE GRANNY SMTH ORG 2LB;APPLE GRANNY SMTH ORG 2LB;EA;M02;Produce;M022701;Fruit;M02270101;Apples;0
20958153;HL LIME CHILI TILAPIA;HL LIME CHILI TILAPIA;EA;M11;Seafood;M113201;Frozen Seafood;M11320101;Frozen Fish;14
20941223;PC BURGER MEATLESS;PC BURGER MEATLESS;EA;M03;Meat;M033102;Frozen Boxed Meat;M03310203;Burgers;30
20118993;LACTANTIA BUTTERCUPS;LACTANTIA BUTTERCUPS;EA;M10;Centre of Store;M102201;Cheese/Butter/Margarine;M10220102;Butter & Margarine;0
